{
  "input_list" : [ {
    "token_freq" : 1.0,
    "ml_score" : "",
    "ml_flag" : "",
    "address_match_score" : "",
    "input_record" : {
      "record" : {
        "parent_duns" : 454445465454,
        "input_contact" : "",
        "stdOrgName" : "SHOPPERS WAREHOUSE FURNITURE SALES RENTALS",
        "customer_phone" : "",
        "customer_url" : "",
		"is_franchies":"",
		"customer_prime_contact":"",
        "utl_parent_duns" : 454445465454,
        "gkId" : "1007609094"
      },
      "stdOrgName" : "SHOPPERS WAREHOUSE FURNITURE SALES RENTALS"
    },
    "suspect_record" : {
      "record" : {
        "sourceId" : "207208823CUST",
        "customer_url" : null,
        "customer_phone" : null,
        "utl_parent_duns" : "207208823",
        "customer_prime_contact" : "Audrey Burke",
        "gkId" : "207208823CUST",
        "parent_duns" : "207208823",
        "input_contact" : "",
        "score" : 43.894062,
        "stdAddress" : {
          "province" : "MB",
          "combinedAddress" : "411 MAIN SELKIRK R1A1V2",
          "addressLineOne" : "411 MAIN",
          "country" : "",
          "postalCode" : "R1A1V2",
          "addressLineTwo" : "",
          "city" : "SELKIRK"
        },
        "profileType" : "SKAccounts",
        "stdOrgName" : "SHOPPERS WAREHOUSE FURNITURE SALES RENTALS",
        "input_phone" : "",
        "input_url" : "",
        "is_franchies" : null
      },
      "stdOrgName" : "SHOPPERS WAREHOUSE FURNITURE SALES RENTALS"
    }
  }, {
    "token_freq" : 0.5931562105495474,
    "ml_score" : "",
    "ml_flag" : "",
    "address_match_score" : "",
    "input_record" : {
      "record" : {
        "parent_duns" : 454445465454,
        "input_contact" : "",
        "stdOrgName" : "SHOPPERS WAREHOUSE FURNITURE SALES RENTALS",
       "customer_phone" : "",
        "customer_url" : "",
		"customer_prime_contact":"",
		"is_franchies":"",
        "utl_parent_duns" : 454445465454,
        "gkId" : "1007609094"
      },
      "stdOrgName" : "SHOPPERS WAREHOUSE FURNITURE SALES RENTALS"
    },
    "suspect_record" : {
      "record" : {
        "sourceId" : "208136694CUST",
        "customer_url" : null,
        "customer_phone" : null,
        "utl_parent_duns" : "208136694",
        "customer_prime_contact" : null,
        "gkId" : "208136694CUST",
        "parent_duns" : "208136694",
        "input_contact" : "",
        "score" : 16.605488,
        "stdAddress" : {
          "province" : "NF",
          "combinedAddress" : "61 JAMES LANE ST JOHN' A1E3H3",
          "addressLineOne" : "61 JAMES LANE",
          "country" : "",
          "postalCode" : "A1E3H3",
          "addressLineTwo" : "",
          "city" : "ST JOHN'"
        },
        "profileType" : "SKAccounts",
        "stdOrgName" : "FURNITURE WAREHOUSE",
        "input_phone" : "",
        "input_url" : "",
        "is_franchies" : null
      },
      "stdOrgName" : "FURNITURE WAREHOUSE"
    }
  }, {
    "token_freq" : 0.5931562105495474,
    "ml_score" : "",
    "ml_flag" : "",
    "address_match_score" : "",
    "input_record" : {
      "record" : {
        "parent_duns" : 454445465454,
        "input_contact" : "",
        "stdOrgName" : "SHOPPERS WAREHOUSE FURNITURE SALES RENTALS",
       "customer_phone" : "",
        "customer_url" : "",
		"customer_prime_contact":"",
		"is_franchies":"",
        "utl_parent_duns" : 454445465454,
        "gkId" : "1007609094"
      },
      "stdOrgName" : "SHOPPERS WAREHOUSE FURNITURE SALES RENTALS"
    },
    "suspect_record" : {
      "record" : {
        "sourceId" : "1004984513",
        "input_contact" : "",
        "score" : 14.293825,
        "profileType" : "GKAccounts",
        "stdOrgName" : "UNITED FURNITURE WAREHOUSE",
        "customer_phone" : "",
        "customer_url" : "",
		"customer_prime_contact":"",
        "gkId" : "1004984513"
      },
      "stdOrgName" : "UNITED FURNITURE WAREHOUSE"
    }
  }, {
    "token_freq" : 0.3619911823139919,
    "ml_score" : "",
    "ml_flag" : "",
    "address_match_score" : "",
    "input_record" : {
      "record" : {
        "parent_duns" : 454445465454,
        "input_contact" : "",
        "stdOrgName" : "SHOPPERS WAREHOUSE FURNITURE SALES RENTALS",
       "customer_phone" : "",
        "customer_url" : "",
		"customer_prime_contact":"",
		"is_franchies":"",
        "utl_parent_duns" : 454445465454,
        "gkId" : "1007609094"
      },
      "stdOrgName" : "SHOPPERS WAREHOUSE FURNITURE SALES RENTALS"
    },
    "suspect_record" : {
      "record" : {
        "sourceId" : "1005086257",
        "input_contact" : "",
        "score" : 12.990303,
        "profileType" : "GKAccounts",
        "stdOrgName" : "POINT SALE WAREHOUSE",
        "customer_phone" : "",
        "customer_url" : "",
		"customer_prime_contact":"",
        "gkId" : "1005086257"
      },
      "stdOrgName" : "POINT SALE WAREHOUSE"
    }
  }, {
    "token_freq" : 0.5931562105495474,
    "ml_score" : "",
    "ml_flag" : "",
    "address_match_score" : "",
    "input_record" : {
      "record" : {
        "parent_duns" : 454445465454,
        "input_contact" : "",
        "stdOrgName" : "SHOPPERS WAREHOUSE FURNITURE SALES RENTALS",
       "customer_phone" : "",
        "customer_url" : "",
		"customer_prime_contact":"",
		"is_franchies":"",
        "utl_parent_duns" : 454445465454,
        "gkId" : "1007609094"
      },
      "stdOrgName" : "SHOPPERS WAREHOUSE FURNITURE SALES RENTALS"
    },
    "suspect_record" : {
      "record" : {
        "sourceId" : "1011294387",
        "input_contact" : "",
        "score" : 12.778918,
        "profileType" : "GKAccounts",
        "stdOrgName" : "WEST SIDE FURNITURE WAREHOUSE",
        "customer_phone" : "",
        "customer_url" : "",
		"customer_prime_contact":"",
        "gkId" : "1011294387"
      },
      "stdOrgName" : "WEST SIDE FURNITURE WAREHOUSE"
    }
  }, {
    "token_freq" : 0.5931562105495474,
    "ml_score" : "",
    "ml_flag" : "",
    "address_match_score" : "",
    "input_record" : {
      "record" : {
        "parent_duns" : 454445465454,
        "input_contact" : "",
        "stdOrgName" : "SHOPPERS WAREHOUSE FURNITURE SALES RENTALS",
        "customer_phone" : "",
        "customer_url" : "",
		"customer_prime_contact":"",
		"is_franchies":"",
        "utl_parent_duns" : 454445465454,
        "gkId" : "1007609094"
      },
      "stdOrgName" : "SHOPPERS WAREHOUSE FURNITURE SALES RENTALS"
    },
    "suspect_record" : {
      "record" : {
        "sourceId" : "1005176887",
        "input_contact" : "",
        "score" : 12.652812,
        "profileType" : "GKAccounts",
        "stdOrgName" : "MARTENS FURNITURE WAREHOUSE SHOWROOM",
       "customer_phone" : "",
        "customer_url" : "",
		"customer_prime_contact":"",
        "gkId" : "1005176887"
      },
      "stdOrgName" : "MARTENS FURNITURE WAREHOUSE SHOWROOM"
    }
  }, {
    "token_freq" : 0.5931562105495474,
    "ml_score" : "",
    "ml_flag" : "",
    "address_match_score" : "",
    "input_record" : {
      "record" : {
        "parent_duns" : 454445465454,
        "input_contact" : "",
        "stdOrgName" : "SHOPPERS WAREHOUSE FURNITURE SALES RENTALS",
       "customer_phone" : "",
        "customer_url" : "",
		"customer_prime_contact":"",
		"is_franchies":"",
        "utl_parent_duns" : 454445465454,
        "gkId" : "1007609094"
      },
      "stdOrgName" : "SHOPPERS WAREHOUSE FURNITURE SALES RENTALS"
    },
    "suspect_record" : {
      "record" : {
        "sourceId" : "1008459961",
        "input_contact" : "",
        "score" : 12.5229225,
        "profileType" : "GKAccounts",
        "stdOrgName" : "TRI TOWN FURNITURE WAREHOUSE",
        "customer_phone" : "",
        "customer_url" : "",
		"customer_prime_contact":"",
        "gkId" : "1008459961"
      },
      "stdOrgName" : "TRI TOWN FURNITURE WAREHOUSE"
    }
  }, {
    "token_freq" : 0.5931562105495474,
    "ml_score" : "",
    "ml_flag" : "",
    "address_match_score" : "",
    "input_record" : {
      "record" : {
        "parent_duns" : 454445465454,
        "input_contact" : "",
        "stdOrgName" : "SHOPPERS WAREHOUSE FURNITURE SALES RENTALS",
       "customer_phone" : "",
        "customer_url" : "",
		"customer_prime_contact":"",
		"is_franchies":"",
        "utl_parent_duns" : 454445465454,
        "gkId" : "1007609094"
      },
      "stdOrgName" : "SHOPPERS WAREHOUSE FURNITURE SALES RENTALS"
    },
    "suspect_record" : {
      "record" : {
        "sourceId" : "1005046754",
        "input_contact" : "",
        "score" : 12.5229225,
        "profileType" : "GKAccounts",
        "stdOrgName" : "SURPLUS FURNITURE MATTRESS WAREHOUSE",
        "customer_phone" : "",
        "customer_url" : "",
		"customer_prime_contact":"",
		"is_franchies":"",
        "gkId" : "1005046754"
      },
      "stdOrgName" : "SURPLUS FURNITURE MATTRESS WAREHOUSE"
    }
  }, {
    "token_freq" : 0.5931562105495474,
    "ml_score" : "",
    "ml_flag" : "",
    "address_match_score" : "",
    "input_record" : {
      "record" : {
        "parent_duns" : 454445465454,
        "input_contact" : "",
        "stdOrgName" : "SHOPPERS WAREHOUSE FURNITURE SALES RENTALS",
       "customer_phone" : "",
        "customer_url" : "",
		"customer_prime_contact":"",
		"is_franchies":"",
        "utl_parent_duns" : 454445465454,
        "gkId" : "1007609094"
      },
      "stdOrgName" : "SHOPPERS WAREHOUSE FURNITURE SALES RENTALS"
    },
    "suspect_record" : {
      "record" : {
        "sourceId" : "1005057458",
        "input_contact" : "",
        "score" : 12.5229225,
        "profileType" : "GKAccounts",
        "stdOrgName" : "BAD BOY FURNITURE WAREHOUSE",
       "customer_phone" : "",
        "customer_url" : "",
		"customer_prime_contact":"",
		"is_franchies":"",
        "gkId" : "1005057458"
      },
      "stdOrgName" : "BAD BOY FURNITURE WAREHOUSE"
    }
  }, {
    "token_freq" : 0.5592303900871807,
    "ml_score" : "",
    "ml_flag" : "",
    "address_match_score" : "",
    "input_record" : {
      "record" : {
        "parent_duns" : 454445465454,
        "input_contact" : "",
        "stdOrgName" : "SHOPPERS WAREHOUSE FURNITURE SALES RENTALS",
        "customer_phone" : "",
        "customer_url" : "",
		"customer_prime_contact":"",
		"is_franchies":"",
        "utl_parent_duns" : 454445465454,
        "gkId" : "1007609094"
      },
      "stdOrgName" : "SHOPPERS WAREHOUSE FURNITURE SALES RENTALS"
    },
    "suspect_record" : {
      "record" : {
        "sourceId" : "1005408580",
        "input_contact" : "",
        "score" : 12.266151,
        "profileType" : "GKAccounts",
        "stdOrgName" : "OUTDOOR SHOPPE SALES RENTALS",
        "customer_phone" : "",
        "customer_url" : "",
		"customer_prime_contact":"",
		"is_franchies":"",
        "gkId" : "1005408580"
      },
      "stdOrgName" : "OUTDOOR SHOPPE SALES RENTALS"
    }
  } ]
}