{
    "input_list":[
        
        {
            "token_freq":0.3619911823139919,
            "ml_score":"",
            "ml_flag":"",
            "address_match_score":"",
            "input_record":{
                "record":{
                    "parent_duns":454445465454,
                    "stdAddress":{
                        "province":"",
                        "combinedAddress":"411 MAIN SELKIRK R1A1V2 MB",
                        "addressLineOne":"411 MAIN SELKIRK R1A1V2 MB",
                        "country":"",
                        "postalCode":"",
                        "addressLineTwo":"",
                        "city":""
                    },
                    "stdOrgName":"SHOPPERS WAREHOUSE FURNITURE SALES RENTALS",
                    "customer_phone":"",
                    "customer_url":"",
                    "is_franchies":"",
                    "customer_prime_contact":"",
                    "utl_parent_duns":454445465454,
                    "gkId":"1007609094"
                },
                "stdOrgName":"SHOPPERS WAREHOUSE FURNITURE SALES RENTALS"
            },
            "suspect_record":{
                "record":{
                    "sourceId":"1005086257",
                    "score":12.990303,
                    "profileType":"GKAccounts",
                    "stdOrgName":"POINT SALE WAREHOUSE",
                    "gkId":"1005086257"
                },
                "stdOrgName":"POINT SALE WAREHOUSE"
            }
        },
        {
            "token_freq":0.5931562105495474,
            "ml_score":"",
            "ml_flag":"",
            "address_match_score":"",
            "input_record":{
                "record":{
                    "parent_duns":454445465454,
                    "stdAddress":{
                        "province":"",
                        "combinedAddress":"411 MAIN SELKIRK R1A1V2 MB",
                        "addressLineOne":"411 MAIN SELKIRK R1A1V2 MB",
                        "country":"",
                        "postalCode":"",
                        "addressLineTwo":"",
                        "city":""
                    },
                    "stdOrgName":"SHOPPERS WAREHOUSE FURNITURE SALES RENTALS",
                    "customer_phone":"",
                    "customer_url":"",
                    "is_franchies":"",
                    "customer_prime_contact":"",
                    "utl_parent_duns":454445465454,
                    "gkId":"1007609094"
                },
                "stdOrgName":"SHOPPERS WAREHOUSE FURNITURE SALES RENTALS"
            },
            "suspect_record":{
                "record":{
                    "sourceId":"1011294387",
                    "score":12.778918,
                    "profileType":"GKAccounts",
                    "stdOrgName":"WEST SIDE FURNITURE WAREHOUSE",
                    "gkId":"1011294387"
                },
                "stdOrgName":"WEST SIDE FURNITURE WAREHOUSE"
            }
        },
        {
            "token_freq":0.5931562105495474,
            "ml_score":"",
            "ml_flag":"",
            "address_match_score":"",
            "input_record":{
                "record":{
                    "parent_duns":454445465454,
                    "stdAddress":{
                        "province":"",
                        "combinedAddress":"411 MAIN SELKIRK R1A1V2 MB",
                        "addressLineOne":"411 MAIN SELKIRK R1A1V2 MB",
                        "country":"",
                        "postalCode":"",
                        "addressLineTwo":"",
                        "city":""
                    },
                    "stdOrgName":"SHOPPERS WAREHOUSE FURNITURE SALES RENTALS",
                    "customer_phone":"",
                    "customer_url":"",
                    "is_franchies":"",
                    "customer_prime_contact":"",
                    "utl_parent_duns":454445465454,
                    "gkId":"1007609094"
                },
                "stdOrgName":"SHOPPERS WAREHOUSE FURNITURE SALES RENTALS"
            },
            "suspect_record":{
                "record":{
                    "sourceId":"1005176887",
                    "score":12.652812,
                    "profileType":"GKAccounts",
                    "stdOrgName":"MARTENS FURNITURE WAREHOUSE SHOWROOM",
                    "gkId":"1005176887"
                },
                "stdOrgName":"MARTENS FURNITURE WAREHOUSE SHOWROOM"
            }
        },
        {
            "token_freq":0.5931562105495474,
            "ml_score":"",
            "ml_flag":"",
            "address_match_score":"",
            "input_record":{
                "record":{
                    "parent_duns":454445465454,
                    "stdAddress":{
                        "province":"",
                        "combinedAddress":"411 MAIN SELKIRK R1A1V2 MB",
                        "addressLineOne":"411 MAIN SELKIRK R1A1V2 MB",
                        "country":"",
                        "postalCode":"",
                        "addressLineTwo":"",
                        "city":""
                    },
                    "stdOrgName":"SHOPPERS WAREHOUSE FURNITURE SALES RENTALS",
                    "utl_parent_duns":454445465454,
                    "gkId":"1007609094"
                },
                "stdOrgName":"SHOPPERS WAREHOUSE FURNITURE SALES RENTALS"
            },
            "suspect_record":{
                "record":{
                    "sourceId":"1008459961",
                    "score":12.5229225,
                    "profileType":"GKAccounts",
                    "stdOrgName":"TRI TOWN FURNITURE WAREHOUSE",
                    "gkId":"1008459961"
                },
                "stdOrgName":"TRI TOWN FURNITURE WAREHOUSE"
            }
        },
        {
            "token_freq":0.5931562105495474,
            "ml_score":"",
            "ml_flag":"",
            "address_match_score":"",
            "input_record":{
                "record":{
                    "parent_duns":454445465454,
                    "stdAddress":{
                        "province":"",
                        "combinedAddress":"411 MAIN SELKIRK R1A1V2 MB",
                        "addressLineOne":"411 MAIN SELKIRK R1A1V2 MB",
                        "country":"",
                        "postalCode":"",
                        "addressLineTwo":"",
                        "city":""
                    },
                    "stdOrgName":"SHOPPERS WAREHOUSE FURNITURE SALES RENTALS",
                    "customer_phone":"",
                    "customer_url":"",
                    "is_franchies":"",
                    "customer_prime_contact":"",
                    "utl_parent_duns":454445465454,
                    "gkId":"1007609094"
                },
                "stdOrgName":"SHOPPERS WAREHOUSE FURNITURE SALES RENTALS"
            },
            "suspect_record":{
                "record":{
                    "sourceId":"1005046754",
                    "score":12.5229225,
                    "profileType":"GKAccounts",
                    "stdOrgName":"SURPLUS FURNITURE MATTRESS WAREHOUSE",
                    "gkId":"1005046754"
                },
                "stdOrgName":"SURPLUS FURNITURE MATTRESS WAREHOUSE"
            }
        },
        {
            "token_freq":0.5931562105495474,
            "ml_score":"",
            "ml_flag":"",
            "address_match_score":"",
            "input_record":{
                "record":{
                    "parent_duns":454445465454,
                    "stdAddress":{
                        "province":"",
                        "combinedAddress":"411 MAIN SELKIRK R1A1V2 MB",
                        "addressLineOne":"411 MAIN SELKIRK R1A1V2 MB",
                        "country":"",
                        "postalCode":"",
                        "addressLineTwo":"",
                        "city":""
                    },
                    "stdOrgName":"SHOPPERS WAREHOUSE FURNITURE SALES RENTALS",
                    "customer_phone":"",
                    "customer_url":"",
                    "is_franchies":"",
                    "customer_prime_contact":"",
                    "utl_parent_duns":454445465454,
                    "gkId":"1007609094"
                },
                "stdOrgName":"SHOPPERS WAREHOUSE FURNITURE SALES RENTALS"
            },
            "suspect_record":{
                "record":{
                    "sourceId":"1005057458",
                    "score":12.5229225,
                    "stdAddress":{
                        "province":"ON",
                        "combinedAddress":"499 MAIN BRAMPTON L6Y1N7 CANADA",
                        "addressLineOne":"499 MAIN",
                        "country":"CANADA",
                        "postalCode":"L6Y1N7",
                        "addressLineTwo":"",
                        "city":"BRAMPTON"
                    },
                    "profileType":"GKAccounts",
                    "stdOrgName":"BAD BOY FURNITURE WAREHOUSE",
                    "gkId":"1005057458"
                },
                "stdOrgName":"BAD BOY FURNITURE WAREHOUSE"
            }
        },
        {
            "token_freq":0.5592303900871807,
            "ml_score":"",
            "ml_flag":"",
            "address_match_score":"",
            "input_record":{
                "record":{
                    "parent_duns":454445465454,
                    "stdAddress":{
                        "province":"",
                        "combinedAddress":"411 MAIN SELKIRK R1A1V2 MB",
                        "addressLineOne":"411 MAIN SELKIRK R1A1V2 MB",
                        "country":"",
                        "postalCode":"",
                        "addressLineTwo":"",
                        "city":""
                    },
                    "stdOrgName":"SHOPPERS WAREHOUSE FURNITURE SALES RENTALS",
                    "customer_phone":"",
                    "customer_url":"",
                    "is_franchies":"",
                    "customer_prime_contact":"",
                    "utl_parent_duns":454445465454,
                    "gkId":"1007609094"
                },
                "stdOrgName":"SHOPPERS WAREHOUSE FURNITURE SALES RENTALS"
            },
            "suspect_record":{
                "record":{
                    "sourceId":"1005408580",
                    "score":12.266151,
                    "profileType":"GKAccounts",
                    "stdOrgName":"OUTDOOR SHOPPE SALES RENTALS",
                    "gkId":"1005408580"
                },
                "stdOrgName":"OUTDOOR SHOPPE SALES RENTALS"
            }
        }
    ]
}